tau,theta,R1,R5,R10,active_rate,mean_alpha
0.25,0.0,80.18018018018019,89.1891891891892,92.34234234234235,1.0,0.4706292748451233
0.25,0.005,80.18018018018019,89.1891891891892,92.34234234234235,1.0,0.4706292748451233
0.25,0.01,80.18018018018019,89.1891891891892,92.34234234234235,1.0,0.4706292748451233
0.25,0.015,80.18018018018019,89.1891891891892,92.34234234234235,0.9954954954954955,0.4735742211341858
0.25,0.02,80.18018018018019,89.1891891891892,92.34234234234235,0.963963963963964,0.49641165137290955
0.25,0.025,81.08108108108108,89.63963963963964,92.34234234234235,0.8783783783783784,0.5499716401100159
0.25,0.03,81.53153153153153,90.09009009009009,92.34234234234235,0.7837837837837838,0.5973278284072876
0.25,0.035,82.43243243243244,90.990990990991,92.34234234234235,0.6441441441441441,0.6828335523605347
0.25,0.04,83.78378378378379,90.990990990991,92.34234234234235,0.5180180180180181,0.7732053995132446
0.25,0.045,83.78378378378379,90.990990990991,92.34234234234235,0.3963963963963964,0.8404196500778198
0.25,0.05,83.78378378378379,90.990990990991,92.34234234234235,0.27927927927927926,0.8965468406677246
0.25,0.055,85.13513513513513,91.8918918918919,92.34234234234235,0.1891891891891892,0.9396033883094788
0.25,0.06,85.13513513513513,91.8918918918919,92.34234234234235,0.13513513513513514,0.9636414051055908
0.25,0.065,85.13513513513513,91.8918918918919,92.34234234234235,0.0945945945945946,0.9733318090438843
0.25,0.07,85.58558558558559,91.8918918918919,92.34234234234235,0.05855855855855856,0.9820046424865723
0.25,0.075,85.58558558558559,91.8918918918919,92.34234234234235,0.036036036036036036,0.989673376083374
0.25,0.08,85.58558558558559,91.8918918918919,92.34234234234235,0.02252252252252252,0.9911850690841675
0.25,0.085,85.58558558558559,91.8918918918919,92.34234234234235,0.013513513513513514,0.9956746697425842
0.25,0.09,85.13513513513513,91.8918918918919,92.34234234234235,0.0045045045045045045,0.9999769330024719
0.25,0.095,85.13513513513513,91.8918918918919,92.34234234234235,0.0045045045045045045,0.9999769330024719
0.25,0.1,85.13513513513513,91.8918918918919,92.34234234234235,0.0045045045045045045,0.9999769330024719
0.25,0.105,85.13513513513513,91.8918918918919,92.34234234234235,0.0045045045045045045,0.9999769330024719
0.25,0.11,85.13513513513513,91.8918918918919,92.34234234234235,0.0045045045045045045,0.9999769330024719
0.25,0.115,85.13513513513513,91.8918918918919,92.34234234234235,0.0,1.0
0.25,0.12,85.13513513513513,91.8918918918919,92.34234234234235,0.0,1.0
0.5,0.0,81.53153153153153,89.63963963963964,92.34234234234235,1.0,0.4834449589252472
0.5,0.005,81.53153153153153,89.63963963963964,92.34234234234235,1.0,0.4834449589252472
0.5,0.01,81.53153153153153,89.63963963963964,92.34234234234235,1.0,0.4834449589252472
0.5,0.015,81.53153153153153,89.63963963963964,92.34234234234235,0.9954954954954955,0.48605215549468994
0.5,0.02,81.53153153153153,89.63963963963964,92.34234234234235,0.963963963963964,0.5078623294830322
0.5,0.025,82.43243243243244,89.63963963963964,92.34234234234235,0.8783783783783784,0.5602139234542847
0.5,0.03,82.43243243243244,90.09009009009009,92.34234234234235,0.7837837837837838,0.6069043278694153
0.5,0.035,82.88288288288288,90.990990990991,92.34234234234235,0.6441441441441441,0.687142014503479
0.5,0.04,84.23423423423422,90.990990990991,92.34234234234235,0.5180180180180181,0.7697011828422546
0.5,0.045,83.78378378378379,90.990990990991,92.34234234234235,0.3963963963963964,0.834929347038269
0.5,0.05,83.78378378378379,90.990990990991,92.34234234234235,0.27927927927927926,0.8913119435310364
0.5,0.055,85.13513513513513,91.8918918918919,92.34234234234235,0.1891891891891892,0.9344815611839294
0.5,0.06,85.13513513513513,91.8918918918919,92.34234234234235,0.13513513513513514,0.9579976201057434
0.5,0.065,85.13513513513513,91.8918918918919,92.34234234234235,0.0945945945945946,0.9693285822868347
0.5,0.07,85.58558558558559,91.8918918918919,92.34234234234235,0.05855855855855856,0.9795979261398315
0.5,0.075,85.58558558558559,91.8918918918919,92.34234234234235,0.036036036036036036,0.9879078269004822
0.5,0.08,85.58558558558559,91.8918918918919,92.34234234234235,0.02252252252252252,0.9908695816993713
0.5,0.085,85.58558558558559,91.8918918918919,92.34234234234235,0.013513513513513514,0.9953451156616211
0.5,0.09,85.13513513513513,91.8918918918919,92.34234234234235,0.0045045045045045045,0.9996984601020813
0.5,0.095,85.13513513513513,91.8918918918919,92.34234234234235,0.0045045045045045045,0.9996984601020813
0.5,0.1,85.13513513513513,91.8918918918919,92.34234234234235,0.0045045045045045045,0.9996984601020813
0.5,0.105,85.13513513513513,91.8918918918919,92.34234234234235,0.0045045045045045045,0.9996984601020813
0.5,0.11,85.13513513513513,91.8918918918919,92.34234234234235,0.0045045045045045045,0.9996984601020813
0.5,0.115,85.13513513513513,91.8918918918919,92.34234234234235,0.0,1.0
0.5,0.12,85.13513513513513,91.8918918918919,92.34234234234235,0.0,1.0
0.75,0.0,81.98198198198197,90.09009009009009,92.34234234234235,1.0,0.49120551347732544
0.75,0.005,81.98198198198197,90.09009009009009,92.34234234234235,1.0,0.49120551347732544
0.75,0.01,81.98198198198197,90.09009009009009,92.34234234234235,1.0,0.49120551347732544
0.75,0.015,81.98198198198197,90.09009009009009,92.34234234234235,0.9954954954954955,0.4936954975128174
0.75,0.02,81.98198198198197,90.09009009009009,92.34234234234235,0.963963963963964,0.5142242312431335
0.75,0.025,82.43243243243244,90.09009009009009,92.34234234234235,0.8783783783783784,0.5649089813232422
0.75,0.03,82.43243243243244,90.54054054054053,92.34234234234235,0.7837837837837838,0.6112233996391296
0.75,0.035,83.33333333333334,90.990990990991,92.34234234234235,0.6441441441441441,0.6881380677223206
0.75,0.04,84.68468468468468,90.990990990991,92.34234234234235,0.5180180180180181,0.7659242749214172
0.75,0.045,84.23423423423422,90.990990990991,92.34234234234235,0.3963963963963964,0.8298037648200989
0.75,0.05,84.23423423423422,90.990990990991,92.34234234234235,0.27927927927927926,0.886322021484375
0.75,0.055,85.13513513513513,91.8918918918919,92.34234234234235,0.1891891891891892,0.9296672940254211
0.75,0.06,85.13513513513513,91.8918918918919,92.34234234234235,0.13513513513513514,0.9532850384712219
0.75,0.065,85.13513513513513,91.8918918918919,92.34234234234235,0.0945945945945946,0.9662873148918152
0.75,0.07,85.58558558558559,91.8918918918919,92.34234234234235,0.05855855855855856,0.9777880311012268
0.75,0.075,85.58558558558559,91.8918918918919,92.34234234234235,0.036036036036036036,0.9866510629653931
0.75,0.08,85.58558558558559,91.8918918918919,92.34234234234235,0.02252252252252252,0.9904636740684509
0.75,0.085,85.58558558558559,91.8918918918919,92.34234234234235,0.013513513513513514,0.9949415326118469
0.75,0.09,85.13513513513513,91.8918918918919,92.34234234234235,0.0045045045045045045,0.9993367791175842
0.75,0.095,85.13513513513513,91.8918918918919,92.34234234234235,0.0045045045045045045,0.9993367791175842
0.75,0.1,85.13513513513513,91.8918918918919,92.34234234234235,0.0045045045045045045,0.9993367791175842
0.75,0.105,85.13513513513513,91.8918918918919,92.34234234234235,0.0045045045045045045,0.9993367791175842
0.75,0.11,85.13513513513513,91.8918918918919,92.34234234234235,0.0045045045045045045,0.9993367791175842
0.75,0.115,85.13513513513513,91.8918918918919,92.34234234234235,0.0,1.0
0.75,0.12,85.13513513513513,91.8918918918919,92.34234234234235,0.0,1.0
1.0,0.0,81.98198198198197,90.09009009009009,92.34234234234235,1.0,0.49510103464126587
1.0,0.005,81.98198198198197,90.09009009009009,92.34234234234235,1.0,0.49510103464126587
1.0,0.01,81.98198198198197,90.09009009009009,92.34234234234235,1.0,0.49510103464126587
1.0,0.015,81.98198198198197,90.09009009009009,92.34234234234235,0.9954954954954955,0.49753186106681824
1.0,0.02,81.98198198198197,90.09009009009009,92.34234234234235,0.963963963963964,0.5171231031417847
1.0,0.025,82.43243243243244,90.09009009009009,92.34234234234235,0.8783783783783784,0.5664180517196655
1.0,0.03,82.43243243243244,90.54054054054053,92.34234234234235,0.7837837837837838,0.6126548647880554
1.0,0.035,83.33333333333334,90.990990990991,92.34234234234235,0.6441441441441441,0.6876701712608337
1.0,0.04,84.68468468468468,90.990990990991,92.34234234234235,0.5180180180180181,0.7624265551567078
1.0,0.045,84.23423423423422,90.990990990991,92.34234234234235,0.3963963963963964,0.825493574142456
1.0,0.05,84.23423423423422,90.990990990991,92.34234234234235,0.27927927927927926,0.8822212815284729
1.0,0.055,85.13513513513513,91.8918918918919,92.34234234234235,0.1891891891891892,0.9257849454879761
1.0,0.06,85.13513513513513,91.8918918918919,92.34234234234235,0.13513513513513514,0.9497412443161011
1.0,0.065,85.13513513513513,91.8918918918919,92.34234234234235,0.0945945945945946,0.9640362858772278
1.0,0.07,85.58558558558559,91.8918918918919,92.34234234234235,0.05855855855855856,0.9764778017997742
1.0,0.075,85.58558558558559,91.8918918918919,92.34234234234235,0.036036036036036036,0.9857639670372009
1.0,0.08,85.58558558558559,91.8918918918919,92.34234234234235,0.02252252252252252,0.9901463389396667
1.0,0.085,85.58558558558559,91.8918918918919,92.34234234234235,0.013513513513513514,0.9946281909942627
1.0,0.09,85.13513513513513,91.8918918918919,92.34234234234235,0.0045045045045045045,0.9990484118461609
1.0,0.095,85.13513513513513,91.8918918918919,92.34234234234235,0.0045045045045045045,0.9990484118461609
1.0,0.1,85.13513513513513,91.8918918918919,92.34234234234235,0.0045045045045045045,0.9990484118461609
1.0,0.105,85.13513513513513,91.8918918918919,92.34234234234235,0.0045045045045045045,0.9990484118461609
1.0,0.11,85.13513513513513,91.8918918918919,92.34234234234235,0.0045045045045045045,0.9990484118461609
1.0,0.115,85.13513513513513,91.8918918918919,92.34234234234235,0.0,1.0
1.0,0.12,85.13513513513513,91.8918918918919,92.34234234234235,0.0,1.0
1.5,0.0,82.43243243243244,90.09009009009009,92.34234234234235,1.0,0.4981532692909241
1.5,0.005,82.43243243243244,90.09009009009009,92.34234234234235,1.0,0.4981532692909241
1.5,0.01,82.43243243243244,90.09009009009009,92.34234234234235,1.0,0.4981532692909241
1.5,0.015,82.43243243243244,90.09009009009009,92.34234234234235,0.9954954954954955,0.5005246996879578
1.5,0.02,82.43243243243244,90.09009009009009,92.34234234234235,0.963963963963964,0.5189793705940247
1.5,0.025,82.88288288288288,90.09009009009009,92.34234234234235,0.8783783783783784,0.566447377204895
1.5,0.03,82.88288288288288,90.54054054054053,92.34234234234235,0.7837837837837838,0.6127994060516357
1.5,0.035,83.78378378378379,90.990990990991,92.34234234234235,0.6441441441441441,0.6859207153320312
1.5,0.04,84.68468468468468,90.990990990991,92.34234234234235,0.5180180180180181,0.7571632266044617
1.5,0.045,84.23423423423422,90.990990990991,92.34234234234235,0.3963963963963964,0.8194074034690857
1.5,0.05,83.78378378378379,90.990990990991,92.34234234234235,0.27927927927927926,0.8765347003936768
1.5,0.055,84.68468468468468,91.8918918918919,92.34234234234235,0.1891891891891892,0.9204570055007935
1.5,0.06,84.68468468468468,91.8918918918919,92.34234234234235,0.13513513513513514,0.945086658000946
1.5,0.065,84.68468468468468,91.8918918918919,92.34234234234235,0.0945945945945946,0.9610542058944702
1.5,0.07,85.13513513513513,91.8918918918919,92.34234234234235,0.05855855855855856,0.974833607673645
1.5,0.075,85.13513513513513,91.8918918918919,92.34234234234235,0.036036036036036036,0.9846697449684143
1.5,0.08,85.13513513513513,91.8918918918919,92.34234234234235,0.02252252252252252,0.9897425770759583
1.5,0.085,85.13513513513513,91.8918918918919,92.34234234234235,0.013513513513513514,0.9942305684089661
1.5,0.09,85.13513513513513,91.8918918918919,92.34234234234235,0.0045045045045045045,0.9986777305603027
1.5,0.095,85.13513513513513,91.8918918918919,92.34234234234235,0.0045045045045045045,0.9986777305603027
1.5,0.1,85.13513513513513,91.8918918918919,92.34234234234235,0.0045045045045045045,0.9986777305603027
1.5,0.105,85.13513513513513,91.8918918918919,92.34234234234235,0.0045045045045045045,0.9986777305603027
1.5,0.11,85.13513513513513,91.8918918918919,92.34234234234235,0.0045045045045045045,0.9986777305603027
1.5,0.115,85.13513513513513,91.8918918918919,92.34234234234235,0.0,1.0
1.5,0.12,85.13513513513513,91.8918918918919,92.34234234234235,0.0,1.0
2.0,0.0,82.88288288288288,90.09009009009009,92.34234234234235,1.0,0.49914219975471497
2.0,0.005,82.88288288288288,90.09009009009009,92.34234234234235,1.0,0.49914219975471497
2.0,0.01,82.88288288288288,90.09009009009009,92.34234234234235,1.0,0.49914219975471497
2.0,0.015,82.88288288288288,90.09009009009009,92.34234234234235,0.9954954954954955,0.5014839172363281
2.0,0.02,82.88288288288288,90.09009009009009,92.34234234234235,0.963963963963964,0.5193058848381042
2.0,0.025,83.33333333333334,90.09009009009009,92.34234234234235,0.8783783783783784,0.5657061338424683
2.0,0.03,83.33333333333334,90.54054054054053,92.34234234234235,0.7837837837837838,0.6122122406959534
2.0,0.035,83.78378378378379,90.990990990991,92.34234234234235,0.6441441441441441,0.6844386458396912
2.0,0.04,84.68468468468468,90.990990990991,92.34234234234235,0.5180180180180181,0.7537518739700317
2.0,0.045,84.23423423423422,90.990990990991,92.34234234234235,0.3963963963963964,0.8156065344810486
2.0,0.05,83.78378378378379,90.990990990991,92.34234234234235,0.27927927927927926,0.8730211853981018
2.0,0.055,84.68468468468468,91.8918918918919,92.34234234234235,0.1891891891891892,0.9171809554100037
2.0,0.06,84.68468468468468,91.8918918918919,92.34234234234235,0.13513513513513514,0.9422940015792847
2.0,0.065,84.68468468468468,91.8918918918919,92.34234234234235,0.0945945945945946,0.9592393636703491
2.0,0.07,85.13513513513513,91.8918918918919,92.34234234234235,0.05855855855855856,0.9738887548446655
2.0,0.075,85.13513513513513,91.8918918918919,92.34234234234235,0.036036036036036036,0.9840479493141174
2.0,0.08,85.13513513513513,91.8918918918919,92.34234234234235,0.02252252252252252,0.9895108938217163
2.0,0.085,85.13513513513513,91.8918918918919,92.34234234234235,0.013513513513513514,0.9940025806427002
2.0,0.09,85.13513513513513,91.8918918918919,92.34234234234235,0.0045045045045045045,0.9984638094902039
2.0,0.095,85.13513513513513,91.8918918918919,92.34234234234235,0.0045045045045045045,0.9984638094902039
2.0,0.1,85.13513513513513,91.8918918918919,92.34234234234235,0.0045045045045045045,0.9984638094902039
2.0,0.105,85.13513513513513,91.8918918918919,92.34234234234235,0.0045045045045045045,0.9984638094902039
2.0,0.11,85.13513513513513,91.8918918918919,92.34234234234235,0.0045045045045045045,0.9984638094902039
2.0,0.115,85.13513513513513,91.8918918918919,92.34234234234235,0.0,1.0
2.0,0.12,85.13513513513513,91.8918918918919,92.34234234234235,0.0,1.0
3.0,0.0,83.33333333333334,90.09009009009009,92.34234234234235,1.0,0.49972644448280334
3.0,0.005,83.33333333333334,90.09009009009009,92.34234234234235,1.0,0.49972644448280334
3.0,0.01,83.33333333333334,90.09009009009009,92.34234234234235,1.0,0.49972644448280334
3.0,0.015,83.33333333333334,90.09009009009009,92.34234234234235,0.9954954954954955,0.502038300037384
3.0,0.02,83.33333333333334,90.09009009009009,92.34234234234235,0.963963963963964,0.519194483757019
3.0,0.025,83.78378378378379,90.09009009009009,92.34234234234235,0.8783783783783784,0.5644433498382568
3.0,0.03,83.78378378378379,90.54054054054053,92.34234234234235,0.7837837837837838,0.6111682653427124
3.0,0.035,84.23423423423422,90.990990990991,92.34234234234235,0.6441441441441441,0.6825510263442993
3.0,0.04,84.68468468468468,90.990990990991,92.34234234234235,0.5180180180180181,0.7498396039009094
3.0,0.045,84.23423423423422,90.990990990991,92.34234234234235,0.3963963963963964,0.8113278150558472
3.0,0.05,83.78378378378379,90.990990990991,92.34234234234235,0.27927927927927926,0.8690859079360962
3.0,0.055,84.68468468468468,91.8918918918919,92.34234234234235,0.1891891891891892,0.9135181307792664
3.0,0.06,84.68468468468468,91.8918918918919,92.34234234234235,0.13513513513513514,0.9392073750495911
3.0,0.065,84.68468468468468,91.8918918918919,92.34234234234235,0.0945945945945946,0.9572106599807739
3.0,0.07,85.13513513513513,91.8918918918919,92.34234234234235,0.05855855855855856,0.9728753566741943
3.0,0.075,85.13513513513513,91.8918918918919,92.34234234234235,0.036036036036036036,0.9833848476409912
3.0,0.08,85.13513513513513,91.8918918918919,92.34234234234235,0.02252252252252252,0.9892632365226746
3.0,0.085,85.13513513513513,91.8918918918919,92.34234234234235,0.013513513513513514,0.993759036064148
3.0,0.09,85.13513513513513,91.8918918918919,92.34234234234235,0.0045045045045045045,0.9982344508171082
3.0,0.095,85.13513513513513,91.8918918918919,92.34234234234235,0.0045045045045045045,0.9982344508171082
3.0,0.1,85.13513513513513,91.8918918918919,92.34234234234235,0.0045045045045045045,0.9982344508171082
3.0,0.105,85.13513513513513,91.8918918918919,92.34234234234235,0.0045045045045045045,0.9982344508171082
3.0,0.11,85.13513513513513,91.8918918918919,92.34234234234235,0.0045045045045045045,0.9982344508171082
3.0,0.115,85.13513513513513,91.8918918918919,92.34234234234235,0.0,1.0
3.0,0.12,85.13513513513513,91.8918918918919,92.34234234234235,0.0,1.0
4.0,0.0,83.33333333333334,90.09009009009009,92.34234234234235,1.0,0.49988144636154175
4.0,0.005,83.33333333333334,90.09009009009009,92.34234234234235,1.0,0.49988144636154175
4.0,0.01,83.33333333333334,90.09009009009009,92.34234234234235,1.0,0.49988144636154175
4.0,0.015,83.33333333333334,90.09009009009009,92.34234234234235,0.9954954954954955,0.502178430557251
4.0,0.02,83.33333333333334,90.09009009009009,92.34234234234235,0.963963963963964,0.5189922451972961
4.0,0.025,83.78378378378379,90.09009009009009,92.34234234234235,0.8783783783783784,0.5636408925056458
4.0,0.03,83.78378378378379,90.54054054054053,92.34234234234235,0.7837837837837838,0.6104961633682251
4.0,0.035,84.23423423423422,90.990990990991,92.34234234234235,0.6441441441441441,0.681475818157196
4.0,0.04,84.68468468468468,90.990990990991,92.34234234234235,0.5180180180180181,0.7477241158485413
4.0,0.045,84.23423423423422,90.990990990991,92.34234234234235,0.3963963963963964,0.809037446975708
4.0,0.05,83.78378378378379,90.990990990991,92.34234234234235,0.27927927927927926,0.866985023021698
4.0,0.055,84.68468468468468,91.8918918918919,92.34234234234235,0.1891891891891892,0.91156405210495
4.0,0.06,84.68468468468468,91.8918918918919,92.34234234234235,0.13513513513513514,0.9375705122947693
4.0,0.065,84.68468468468468,91.8918918918919,92.34234234234235,0.0945945945945946,0.9561267495155334
4.0,0.07,85.13513513513513,91.8918918918919,92.34234234234235,0.05855855855855856,0.9723483324050903
4.0,0.075,85.13513513513513,91.8918918918919,92.34234234234235,0.036036036036036036,0.9830410480499268
4.0,0.08,85.13513513513513,91.8918918918919,92.34234234234235,0.02252252252252252,0.9891347289085388
4.0,0.085,85.13513513513513,91.8918918918919,92.34234234234235,0.013513513513513514,0.9936326146125793
4.0,0.09,85.13513513513513,91.8918918918919,92.34234234234235,0.0045045045045045045,0.9981153607368469
4.0,0.095,85.13513513513513,91.8918918918919,92.34234234234235,0.0045045045045045045,0.9981153607368469
4.0,0.1,85.13513513513513,91.8918918918919,92.34234234234235,0.0045045045045045045,0.9981153607368469
4.0,0.105,85.13513513513513,91.8918918918919,92.34234234234235,0.0045045045045045045,0.9981153607368469
4.0,0.11,85.13513513513513,91.8918918918919,92.34234234234235,0.0045045045045045045,0.9981153607368469
4.0,0.115,85.13513513513513,91.8918918918919,92.34234234234235,0.0,1.0
4.0,0.12,85.13513513513513,91.8918918918919,92.34234234234235,0.0,1.0
