backbone,dataset,alpha,R1,R5,R10
EigenPlaces,amstertime,0.0,23.47684809098294,58.48903330625508,70.18683996750609
EigenPlaces,amstertime,0.01,24.37043054427295,58.976441917140534,70.18683996750609
EigenPlaces,amstertime,0.02,25.426482534524773,59.30138099106418,70.18683996750609
EigenPlaces,amstertime,0.03,25.832656376929325,59.545085296506905,70.18683996750609
EigenPlaces,amstertime,0.04,26.482534524776604,59.78878960194963,70.18683996750609
EigenPlaces,amstertime,0.05,26.888708367181152,59.545085296506905,70.18683996750609
EigenPlaces,amstertime,0.06,27.701056051990253,59.78878960194963,70.18683996750609
EigenPlaces,amstertime,0.07,27.94476035743298,60.19496344435419,70.18683996750609
EigenPlaces,amstertime,0.08,28.107229894394802,60.2761982128351,70.18683996750609
EigenPlaces,amstertime,0.09,28.67587327376117,60.68237205523964,70.18683996750609
EigenPlaces,amstertime,0.1,29.24451665312754,61.00731112916328,70.18683996750609
EigenPlaces,amstertime,0.11,29.325751421608448,61.16978066612511,70.18683996750609
EigenPlaces,amstertime,0.12,30.056864337936638,61.25101543460602,70.18683996750609
EigenPlaces,amstertime,0.13,31.11291632818847,61.25101543460602,70.18683996750609
EigenPlaces,amstertime,0.14,31.51909017059301,61.494719740048744,70.18683996750609
EigenPlaces,amstertime,0.15,32.08773354995939,61.65718927701056,70.18683996750609
EigenPlaces,amstertime,0.16,32.73761169780666,61.73842404549147,70.18683996750609
EigenPlaces,amstertime,0.17,33.30625507717303,61.9821283509342,70.18683996750609
EigenPlaces,amstertime,0.18,33.95613322502031,62.30706742485784,70.18683996750609
EigenPlaces,amstertime,0.19,34.60601137286759,62.38830219333875,70.18683996750609
EigenPlaces,amstertime,0.2,35.01218521527213,62.63200649878148,70.18683996750609
EigenPlaces,amstertime,0.21,35.580828594638504,63.11941510966693,70.18683996750609
EigenPlaces,amstertime,0.22,35.743298131600326,63.52558895207149,70.18683996750609
EigenPlaces,amstertime,0.23,36.230706742485786,63.850528025995125,70.18683996750609
EigenPlaces,amstertime,0.24,36.96181965881397,64.01299756295694,70.18683996750609
EigenPlaces,amstertime,0.25,36.96181965881397,64.25670186839967,70.18683996750609
EigenPlaces,amstertime,0.26,37.205523964256706,64.4191714053615,70.18683996750609
EigenPlaces,amstertime,0.27,37.44922826969943,64.4191714053615,70.18683996750609
EigenPlaces,amstertime,0.28,37.692932575142166,64.66287571080423,70.18683996750609
EigenPlaces,amstertime,0.29,37.85540211210398,64.66287571080423,70.18683996750609
EigenPlaces,amstertime,0.3,38.18034118602762,64.74411047928513,70.18683996750609
EigenPlaces,amstertime,0.31,38.8302193338749,64.82534524776604,70.18683996750609
EigenPlaces,amstertime,0.32,39.23639317627945,64.98781478472786,70.18683996750609
EigenPlaces,amstertime,0.33,39.480097481722176,64.90658001624695,70.18683996750609
EigenPlaces,amstertime,0.34,39.64256701868399,65.15028432168968,70.18683996750609
EigenPlaces,amstertime,0.35,40.21121039805037,65.2315190901706,70.18683996750609
EigenPlaces,amstertime,0.36,40.61738424045491,65.15028432168968,70.18683996750609
EigenPlaces,amstertime,0.37,40.861088545897644,64.98781478472786,70.18683996750609
EigenPlaces,amstertime,0.38,41.26726238830219,64.90658001624695,70.18683996750609
EigenPlaces,amstertime,0.39,41.67343623070675,64.90658001624695,70.18683996750609
EigenPlaces,amstertime,0.4,41.99837530463038,64.98781478472786,70.18683996750609
EigenPlaces,amstertime,0.41,42.1608448415922,64.98781478472786,70.18683996750609
EigenPlaces,amstertime,0.42,42.48578391551584,65.15028432168968,70.18683996750609
EigenPlaces,amstertime,0.43,42.48578391551584,64.98781478472786,70.18683996750609
EigenPlaces,amstertime,0.44,42.64825345247766,64.98781478472786,70.18683996750609
EigenPlaces,amstertime,0.45,42.64825345247766,64.98781478472786,70.18683996750609
EigenPlaces,amstertime,0.46,42.89195775792039,65.06904955320877,70.18683996750609
EigenPlaces,amstertime,0.47,42.9731925264013,65.15028432168968,70.18683996750609
EigenPlaces,amstertime,0.48,43.21689683184403,65.2315190901706,70.18683996750609
EigenPlaces,amstertime,0.49,43.29813160032494,64.90658001624695,70.18683996750609
EigenPlaces,amstertime,0.5,43.46060113728676,65.15028432168968,70.18683996750609
EigenPlaces,amstertime,0.51,43.7855402112104,65.39398862713242,70.18683996750609
EigenPlaces,amstertime,0.52,43.70430544272949,65.47522339561333,70.18683996750609
EigenPlaces,amstertime,0.53,43.54183590576767,65.63769293257515,70.18683996750609
EigenPlaces,amstertime,0.54,44.02924451665313,65.63769293257515,70.18683996750609
EigenPlaces,amstertime,0.55,43.86677497969131,65.63769293257515,70.18683996750609
EigenPlaces,amstertime,0.56,43.86677497969131,65.71892770105605,70.18683996750609
EigenPlaces,amstertime,0.57,44.02924451665313,65.55645816409424,70.18683996750609
EigenPlaces,amstertime,0.58,44.272948822095856,65.55645816409424,70.18683996750609
EigenPlaces,amstertime,0.59,44.51665312753859,65.55645816409424,70.18683996750609
EigenPlaces,amstertime,0.6,44.51665312753859,65.63769293257515,70.18683996750609
EigenPlaces,amstertime,0.61,44.59788789601949,65.71892770105605,70.18683996750609
EigenPlaces,amstertime,0.62,44.679122664500404,65.88139723801787,70.18683996750609
EigenPlaces,amstertime,0.63,44.679122664500404,65.88139723801787,70.18683996750609
EigenPlaces,amstertime,0.64,44.679122664500404,65.71892770105605,70.18683996750609
EigenPlaces,amstertime,0.65,45.08529650690495,65.63769293257515,70.18683996750609
EigenPlaces,amstertime,0.66,44.679122664500404,65.39398862713242,70.18683996750609
EigenPlaces,amstertime,0.67,44.760357432981316,65.3127538586515,70.18683996750609
EigenPlaces,amstertime,0.68,44.760357432981316,65.39398862713242,70.18683996750609
EigenPlaces,amstertime,0.69,44.84159220146223,65.39398862713242,70.18683996750609
EigenPlaces,amstertime,0.7,44.679122664500404,65.39398862713242,70.18683996750609
EigenPlaces,amstertime,0.71,44.51665312753859,65.47522339561333,70.18683996750609
EigenPlaces,amstertime,0.72,44.59788789601949,65.47522339561333,70.18683996750609
EigenPlaces,amstertime,0.73,44.43541835905768,65.47522339561333,70.18683996750609
EigenPlaces,amstertime,0.74,44.51665312753859,65.39398862713242,70.18683996750609
EigenPlaces,amstertime,0.75,44.43541835905768,65.06904955320877,70.18683996750609
EigenPlaces,amstertime,0.76,44.272948822095856,64.90658001624695,70.18683996750609
EigenPlaces,amstertime,0.77,44.35418359057677,64.74411047928513,70.18683996750609
EigenPlaces,amstertime,0.78,44.51665312753859,64.66287571080423,70.18683996750609
EigenPlaces,amstertime,0.79,44.59788789601949,64.58164094232332,70.18683996750609
EigenPlaces,amstertime,0.8,44.43541835905768,64.58164094232332,70.18683996750609
EigenPlaces,amstertime,0.81,44.35418359057677,64.66287571080423,70.18683996750609
EigenPlaces,amstertime,0.82,44.35418359057677,64.66287571080423,70.18683996750609
EigenPlaces,amstertime,0.83,44.272948822095856,64.66287571080423,70.18683996750609
EigenPlaces,amstertime,0.84,44.272948822095856,64.58164094232332,70.18683996750609
EigenPlaces,amstertime,0.85,44.272948822095856,64.66287571080423,70.18683996750609
EigenPlaces,amstertime,0.86,44.35418359057677,64.82534524776604,70.18683996750609
EigenPlaces,amstertime,0.87,44.35418359057677,64.82534524776604,70.18683996750609
EigenPlaces,amstertime,0.88,44.272948822095856,64.4191714053615,70.18683996750609
EigenPlaces,amstertime,0.89,44.35418359057677,64.5004061738424,70.18683996750609
EigenPlaces,amstertime,0.9,44.272948822095856,64.33793663688058,70.18683996750609
EigenPlaces,amstertime,0.91,44.191714053614945,64.33793663688058,70.18683996750609
EigenPlaces,amstertime,0.92,44.11047928513403,64.01299756295694,70.18683996750609
EigenPlaces,amstertime,0.93,44.11047928513403,64.01299756295694,70.18683996750609
EigenPlaces,amstertime,0.94,44.11047928513403,63.93176279447603,70.18683996750609
EigenPlaces,amstertime,0.95,44.191714053614945,64.01299756295694,70.18683996750609
EigenPlaces,amstertime,0.96,44.02924451665313,63.93176279447603,70.18683996750609
EigenPlaces,amstertime,0.97,44.11047928513403,63.6880584890333,70.18683996750609
EigenPlaces,amstertime,0.98,43.7855402112104,63.444354183590576,70.18683996750609
EigenPlaces,amstertime,0.99,43.70430544272949,63.52558895207149,70.18683996750609
EigenPlaces,amstertime,1.0,43.37936636880585,63.444354183590576,70.18683996750609
EigenPlaces,msls,0.0,70.84942084942085,91.11969111969111,93.05019305019306
EigenPlaces,msls,0.01,72.39382239382239,91.11969111969111,93.05019305019306
EigenPlaces,msls,0.02,72.77992277992279,91.11969111969111,93.05019305019306
EigenPlaces,msls,0.03,73.55212355212355,91.11969111969111,93.05019305019306
EigenPlaces,msls,0.04,74.7104247104247,91.11969111969111,93.05019305019306
EigenPlaces,msls,0.05,75.2895752895753,91.11969111969111,93.05019305019306
EigenPlaces,msls,0.06,75.67567567567568,91.11969111969111,93.05019305019306
EigenPlaces,msls,0.07,75.67567567567568,91.11969111969111,93.05019305019306
EigenPlaces,msls,0.08,76.44787644787645,91.11969111969111,93.05019305019306
EigenPlaces,msls,0.09,77.41312741312741,91.11969111969111,93.05019305019306
EigenPlaces,msls,0.1,78.18532818532819,91.31274131274131,93.05019305019306
EigenPlaces,msls,0.11,78.57142857142857,91.31274131274131,93.05019305019306
EigenPlaces,msls,0.12,78.76447876447877,91.31274131274131,93.05019305019306
EigenPlaces,msls,0.13,78.95752895752895,91.5057915057915,93.05019305019306
EigenPlaces,msls,0.14,79.53667953667953,91.5057915057915,93.05019305019306
EigenPlaces,msls,0.15,80.11583011583011,91.31274131274131,93.05019305019306
EigenPlaces,msls,0.16,80.3088803088803,91.6988416988417,93.05019305019306
EigenPlaces,msls,0.17,80.8880308880309,91.6988416988417,93.05019305019306
EigenPlaces,msls,0.18,80.8880308880309,91.5057915057915,93.05019305019306
EigenPlaces,msls,0.19,80.8880308880309,91.5057915057915,93.05019305019306
EigenPlaces,msls,0.2,81.46718146718148,91.5057915057915,93.05019305019306
EigenPlaces,msls,0.21,81.46718146718148,91.5057915057915,93.05019305019306
EigenPlaces,msls,0.22,81.66023166023166,91.5057915057915,93.05019305019306
EigenPlaces,msls,0.23,82.23938223938224,91.5057915057915,93.05019305019306
EigenPlaces,msls,0.24,82.23938223938224,91.5057915057915,93.05019305019306
EigenPlaces,msls,0.25,82.23938223938224,91.5057915057915,93.05019305019306
EigenPlaces,msls,0.26,82.81853281853282,91.5057915057915,93.05019305019306
EigenPlaces,msls,0.27,83.01158301158301,91.5057915057915,93.05019305019306
EigenPlaces,msls,0.28,83.59073359073359,91.5057915057915,93.05019305019306
EigenPlaces,msls,0.29,83.59073359073359,91.5057915057915,93.05019305019306
EigenPlaces,msls,0.3,83.97683397683397,91.5057915057915,93.05019305019306
EigenPlaces,msls,0.31,84.16988416988417,91.5057915057915,93.05019305019306
EigenPlaces,msls,0.32,84.36293436293437,91.6988416988417,93.05019305019306
EigenPlaces,msls,0.33,84.36293436293437,91.6988416988417,93.05019305019306
EigenPlaces,msls,0.34,84.55598455598455,91.6988416988417,93.05019305019306
EigenPlaces,msls,0.35,84.55598455598455,91.6988416988417,93.05019305019306
EigenPlaces,msls,0.36,84.94208494208493,91.6988416988417,93.05019305019306
EigenPlaces,msls,0.37,85.13513513513513,91.6988416988417,93.05019305019306
EigenPlaces,msls,0.38,85.13513513513513,91.6988416988417,93.05019305019306
EigenPlaces,msls,0.39,85.13513513513513,91.6988416988417,93.05019305019306
EigenPlaces,msls,0.4,85.13513513513513,91.6988416988417,93.05019305019306
EigenPlaces,msls,0.41,85.13513513513513,91.6988416988417,93.05019305019306
EigenPlaces,msls,0.42,85.13513513513513,91.6988416988417,93.05019305019306
EigenPlaces,msls,0.43,85.13513513513513,91.6988416988417,93.05019305019306
EigenPlaces,msls,0.44,84.94208494208493,91.6988416988417,93.05019305019306
EigenPlaces,msls,0.45,85.13513513513513,91.5057915057915,93.05019305019306
EigenPlaces,msls,0.46,85.32818532818533,91.5057915057915,93.05019305019306
EigenPlaces,msls,0.47,85.52123552123551,91.5057915057915,93.05019305019306
EigenPlaces,msls,0.48,85.52123552123551,91.5057915057915,93.05019305019306
EigenPlaces,msls,0.49,85.32818532818533,91.5057915057915,93.05019305019306
EigenPlaces,msls,0.5,85.52123552123551,91.5057915057915,93.05019305019306
EigenPlaces,msls,0.51,85.52123552123551,91.5057915057915,93.05019305019306
EigenPlaces,msls,0.52,85.13513513513513,91.5057915057915,93.05019305019306
EigenPlaces,msls,0.53,85.13513513513513,91.5057915057915,93.05019305019306
EigenPlaces,msls,0.54,85.32818532818533,91.5057915057915,93.05019305019306
EigenPlaces,msls,0.55,85.52123552123551,91.5057915057915,93.05019305019306
EigenPlaces,msls,0.56,85.32818532818533,91.31274131274131,93.05019305019306
EigenPlaces,msls,0.57,85.52123552123551,91.31274131274131,93.05019305019306
EigenPlaces,msls,0.58,85.71428571428571,91.31274131274131,93.05019305019306
EigenPlaces,msls,0.59,85.52123552123551,91.31274131274131,93.05019305019306
EigenPlaces,msls,0.6,85.32818532818533,91.31274131274131,93.05019305019306
EigenPlaces,msls,0.61,85.52123552123551,91.31274131274131,93.05019305019306
EigenPlaces,msls,0.62,85.52123552123551,91.5057915057915,93.05019305019306
EigenPlaces,msls,0.63,85.71428571428571,91.5057915057915,93.05019305019306
EigenPlaces,msls,0.64,85.71428571428571,91.5057915057915,93.05019305019306
EigenPlaces,msls,0.65,85.71428571428571,91.5057915057915,93.05019305019306
EigenPlaces,msls,0.66,85.9073359073359,91.5057915057915,93.05019305019306
EigenPlaces,msls,0.67,85.9073359073359,91.5057915057915,93.05019305019306
EigenPlaces,msls,0.68,85.9073359073359,91.31274131274131,93.05019305019306
EigenPlaces,msls,0.69,86.10038610038609,91.31274131274131,93.05019305019306
EigenPlaces,msls,0.7,86.10038610038609,91.31274131274131,93.05019305019306
EigenPlaces,msls,0.71,86.10038610038609,91.31274131274131,93.05019305019306
EigenPlaces,msls,0.72,86.10038610038609,91.31274131274131,93.05019305019306
EigenPlaces,msls,0.73,85.71428571428571,91.11969111969111,93.05019305019306
EigenPlaces,msls,0.74,85.71428571428571,91.11969111969111,93.05019305019306
EigenPlaces,msls,0.75,85.71428571428571,91.11969111969111,93.05019305019306
EigenPlaces,msls,0.76,85.52123552123551,91.11969111969111,93.05019305019306
EigenPlaces,msls,0.77,85.13513513513513,91.11969111969111,93.05019305019306
EigenPlaces,msls,0.78,84.74903474903475,91.11969111969111,93.05019305019306
EigenPlaces,msls,0.79,84.74903474903475,91.11969111969111,93.05019305019306
EigenPlaces,msls,0.8,84.94208494208493,91.11969111969111,93.05019305019306
EigenPlaces,msls,0.81,84.94208494208493,90.92664092664093,93.05019305019306
EigenPlaces,msls,0.82,84.94208494208493,90.54054054054053,93.05019305019306
EigenPlaces,msls,0.83,84.94208494208493,90.54054054054053,93.05019305019306
EigenPlaces,msls,0.84,84.94208494208493,90.54054054054053,93.05019305019306
EigenPlaces,msls,0.85,84.94208494208493,90.34749034749035,93.05019305019306
EigenPlaces,msls,0.86,84.94208494208493,90.34749034749035,93.05019305019306
EigenPlaces,msls,0.87,84.74903474903475,90.34749034749035,93.05019305019306
EigenPlaces,msls,0.88,84.55598455598455,90.34749034749035,93.05019305019306
EigenPlaces,msls,0.89,84.74903474903475,90.34749034749035,93.05019305019306
EigenPlaces,msls,0.9,84.74903474903475,90.34749034749035,93.05019305019306
EigenPlaces,msls,0.91,84.55598455598455,90.34749034749035,93.05019305019306
EigenPlaces,msls,0.92,84.36293436293437,90.54054054054053,93.05019305019306
EigenPlaces,msls,0.93,84.36293436293437,90.54054054054053,93.05019305019306
EigenPlaces,msls,0.94,84.36293436293437,90.54054054054053,93.05019305019306
EigenPlaces,msls,0.95,84.55598455598455,90.54054054054053,93.05019305019306
EigenPlaces,msls,0.96,84.55598455598455,90.54054054054053,93.05019305019306
EigenPlaces,msls,0.97,84.55598455598455,90.54054054054053,93.05019305019306
EigenPlaces,msls,0.98,84.55598455598455,90.54054054054053,93.05019305019306
EigenPlaces,msls,0.99,84.74903474903475,90.54054054054053,93.05019305019306
EigenPlaces,msls,1.0,84.74903474903475,90.54054054054053,93.05019305019306
EigenPlaces,nordland,0.0,36.5,76.75,87.75
EigenPlaces,nordland,0.01,37.25,76.5,87.75
EigenPlaces,nordland,0.02,37.25,76.5,87.75
EigenPlaces,nordland,0.03,37.75,76.75,87.75
EigenPlaces,nordland,0.04,37.75,76.75,87.75
EigenPlaces,nordland,0.05,37.75,76.75,87.75
EigenPlaces,nordland,0.06,37.75,76.75,87.75
EigenPlaces,nordland,0.07,37.75,76.75,87.75
EigenPlaces,nordland,0.08,37.75,76.75,87.75
EigenPlaces,nordland,0.09,37.75,76.75,87.75
EigenPlaces,nordland,0.1,38.25,76.75,87.75
EigenPlaces,nordland,0.11,38.25,76.75,87.75
EigenPlaces,nordland,0.12,38.25,76.75,87.75
EigenPlaces,nordland,0.13,38.0,77.0,87.75
EigenPlaces,nordland,0.14,38.5,77.0,87.75
EigenPlaces,nordland,0.15,38.75,76.75,87.75
EigenPlaces,nordland,0.16,39.0,76.75,87.75
EigenPlaces,nordland,0.17,39.25,77.0,87.75
EigenPlaces,nordland,0.18,39.5,77.0,87.75
EigenPlaces,nordland,0.19,39.75,77.25,87.75
EigenPlaces,nordland,0.2,40.25,77.25,87.75
EigenPlaces,nordland,0.21,40.5,77.25,87.75
EigenPlaces,nordland,0.22,41.25,77.25,87.75
EigenPlaces,nordland,0.23,41.25,77.5,87.75
EigenPlaces,nordland,0.24,41.0,77.5,87.75
EigenPlaces,nordland,0.25,40.75,77.5,87.75
EigenPlaces,nordland,0.26,41.75,77.5,87.75
EigenPlaces,nordland,0.27,42.0,77.5,87.75
EigenPlaces,nordland,0.28,42.25,77.75,87.75
EigenPlaces,nordland,0.29,42.0,77.75,87.75
EigenPlaces,nordland,0.3,43.0,77.75,87.75
EigenPlaces,nordland,0.31,43.75,77.75,87.75
EigenPlaces,nordland,0.32,44.25,77.75,87.75
EigenPlaces,nordland,0.33,44.5,77.5,87.75
EigenPlaces,nordland,0.34,44.0,77.75,87.75
EigenPlaces,nordland,0.35,44.0,78.0,87.75
EigenPlaces,nordland,0.36,44.25,77.75,87.75
EigenPlaces,nordland,0.37,45.0,77.75,87.75
EigenPlaces,nordland,0.38,45.0,78.0,87.75
EigenPlaces,nordland,0.39,46.0,77.75,87.75
EigenPlaces,nordland,0.4,46.25,77.75,87.75
EigenPlaces,nordland,0.41,47.0,77.75,87.75
EigenPlaces,nordland,0.42,47.0,77.75,87.75
EigenPlaces,nordland,0.43,47.0,77.75,87.75
EigenPlaces,nordland,0.44,47.25,77.75,87.75
EigenPlaces,nordland,0.45,47.5,78.0,87.75
EigenPlaces,nordland,0.46,47.0,78.5,87.75
EigenPlaces,nordland,0.47,47.5,78.5,87.75
EigenPlaces,nordland,0.48,47.25,78.5,87.75
EigenPlaces,nordland,0.49,47.5,78.5,87.75
EigenPlaces,nordland,0.5,47.5,78.5,87.75
EigenPlaces,nordland,0.51,47.5,78.5,87.75
EigenPlaces,nordland,0.52,48.0,78.5,87.75
EigenPlaces,nordland,0.53,48.0,78.5,87.75
EigenPlaces,nordland,0.54,48.5,78.25,87.75
EigenPlaces,nordland,0.55,49.0,78.25,87.75
EigenPlaces,nordland,0.56,48.75,78.25,87.75
EigenPlaces,nordland,0.57,48.75,78.25,87.75
EigenPlaces,nordland,0.58,49.0,78.5,87.75
EigenPlaces,nordland,0.59,49.25,78.25,87.75
EigenPlaces,nordland,0.6,49.75,78.25,87.75
EigenPlaces,nordland,0.61,50.0,78.0,87.75
EigenPlaces,nordland,0.62,49.75,78.5,87.75
EigenPlaces,nordland,0.63,50.24999999999999,78.0,87.75
EigenPlaces,nordland,0.64,50.24999999999999,78.0,87.75
EigenPlaces,nordland,0.65,50.24999999999999,78.25,87.75
EigenPlaces,nordland,0.66,50.74999999999999,77.75,87.75
EigenPlaces,nordland,0.67,51.0,77.25,87.75
EigenPlaces,nordland,0.68,51.24999999999999,77.0,87.75
EigenPlaces,nordland,0.69,51.0,77.0,87.75
EigenPlaces,nordland,0.7,51.24999999999999,77.0,87.75
EigenPlaces,nordland,0.71,51.0,77.25,87.75
EigenPlaces,nordland,0.72,51.5,77.0,87.75
EigenPlaces,nordland,0.73,51.24999999999999,77.0,87.75
EigenPlaces,nordland,0.74,51.5,76.75,87.75
EigenPlaces,nordland,0.75,51.5,76.75,87.75
EigenPlaces,nordland,0.76,51.74999999999999,76.75,87.75
EigenPlaces,nordland,0.77,51.74999999999999,76.75,87.75
EigenPlaces,nordland,0.78,51.74999999999999,76.75,87.75
EigenPlaces,nordland,0.79,51.5,76.5,87.75
EigenPlaces,nordland,0.8,51.5,76.5,87.75
EigenPlaces,nordland,0.81,51.74999999999999,76.5,87.75
EigenPlaces,nordland,0.82,52.0,76.5,87.75
EigenPlaces,nordland,0.83,52.75,76.0,87.75
EigenPlaces,nordland,0.84,53.0,76.0,87.75
EigenPlaces,nordland,0.85,53.25,75.5,87.75
EigenPlaces,nordland,0.86,53.25,75.75,87.75
EigenPlaces,nordland,0.87,53.25,75.75,87.75
EigenPlaces,nordland,0.88,53.25,75.5,87.75
EigenPlaces,nordland,0.89,53.25,75.75,87.75
EigenPlaces,nordland,0.9,53.0,75.5,87.75
EigenPlaces,nordland,0.91,53.25,75.75,87.75
EigenPlaces,nordland,0.92,53.0,75.5,87.75
EigenPlaces,nordland,0.93,53.0,75.5,87.75
EigenPlaces,nordland,0.94,53.0,76.0,87.75
EigenPlaces,nordland,0.95,52.75,75.75,87.75
EigenPlaces,nordland,0.96,53.0,76.0,87.75
EigenPlaces,nordland,0.97,52.5,76.0,87.75
EigenPlaces,nordland,0.98,53.0,76.0,87.75
EigenPlaces,nordland,0.99,53.0,76.0,87.75
EigenPlaces,nordland,1.0,52.75,76.25,87.75
CosPlace,amstertime,0.0,23.23314378554021,51.096669374492286,60.84484159220146
CosPlace,amstertime,0.01,23.31437855402112,51.34037367993501,60.84484159220146
CosPlace,amstertime,0.02,23.72055239642567,51.58407798537774,60.84484159220146
CosPlace,amstertime,0.03,24.45166531275386,51.90901705930138,60.84484159220146
CosPlace,amstertime,0.04,24.857839155158405,52.071486596263206,60.84484159220146
CosPlace,amstertime,0.05,25.182778229082047,52.15272136474412,60.84484159220146
CosPlace,amstertime,0.06,25.5889520714866,52.31519090170593,60.84484159220146
CosPlace,amstertime,0.07,26.157595450852966,52.396425670186844,60.84484159220146
CosPlace,amstertime,0.08,26.726238830219334,52.47766043866775,60.84484159220146
CosPlace,amstertime,0.09,26.96994313566206,52.55889520714866,60.84484159220146
CosPlace,amstertime,0.1,27.2948822095857,52.721364744110474,60.84484159220146
CosPlace,amstertime,0.11,27.94476035743298,53.046303818034126,60.84484159220146
CosPlace,amstertime,0.12,28.594638505280262,53.45247766043867,60.84484159220146
CosPlace,amstertime,0.13,29.000812347684807,53.777416734362305,60.84484159220146
CosPlace,amstertime,0.14,29.325751421608448,53.858651502843216,60.84484159220146
CosPlace,amstertime,0.15,29.488220958570267,54.02112103980503,60.84484159220146
CosPlace,amstertime,0.16,30.056864337936638,54.18359057676686,60.84484159220146
CosPlace,amstertime,0.17,30.300568643379368,54.18359057676686,60.84484159220146
CosPlace,amstertime,0.18,31.11291632818847,54.346060113728676,60.84484159220146
CosPlace,amstertime,0.19,31.84402924451665,54.346060113728676,60.84484159220146
CosPlace,amstertime,0.2,32.331437855402115,54.42729488220959,60.84484159220146
CosPlace,amstertime,0.21,32.49390739236393,54.5085296506905,60.84484159220146
CosPlace,amstertime,0.22,32.57514216084484,54.67099918765231,60.84484159220146
CosPlace,amstertime,0.23,32.90008123476848,54.83346872461413,60.84484159220146
CosPlace,amstertime,0.24,32.73761169780666,54.91470349309504,60.84484159220146
CosPlace,amstertime,0.25,33.0625507717303,55.07717303005687,60.84484159220146
CosPlace,amstertime,0.26,33.38748984565394,55.239642567018684,60.84484159220146
CosPlace,amstertime,0.27,33.63119415109667,55.239642567018684,60.84484159220146
CosPlace,amstertime,0.28,33.95613322502031,55.15840779853778,60.84484159220146
CosPlace,amstertime,0.29,34.36230706742486,55.48334687246141,60.84484159220146
CosPlace,amstertime,0.3,34.52477660438667,55.64581640942323,60.84484159220146
CosPlace,amstertime,0.31,34.52477660438667,55.97075548334687,60.84484159220146
CosPlace,amstertime,0.32,34.76848090982941,55.97075548334687,60.84484159220146
CosPlace,amstertime,0.33,34.76848090982941,56.1332250203087,60.84484159220146
CosPlace,amstertime,0.34,35.01218521527213,56.214459788789604,60.84484159220146
CosPlace,amstertime,0.35,35.25588952071487,56.295694557270515,60.84484159220146
CosPlace,amstertime,0.36,35.41835905767668,56.376929325751426,60.84484159220146
CosPlace,amstertime,0.37,35.662063363119415,56.376929325751426,60.84484159220146
CosPlace,amstertime,0.38,35.662063363119415,56.295694557270515,60.84484159220146
CosPlace,amstertime,0.39,35.743298131600326,56.376929325751426,60.84484159220146
CosPlace,amstertime,0.4,35.82453290008124,56.295694557270515,60.84484159220146
CosPlace,amstertime,0.41,35.743298131600326,56.295694557270515,60.84484159220146
CosPlace,amstertime,0.42,36.149471974004875,56.295694557270515,60.84484159220146
CosPlace,amstertime,0.43,36.230706742485786,56.376929325751426,60.84484159220146
CosPlace,amstertime,0.44,36.3931762794476,56.376929325751426,60.84484159220146
CosPlace,amstertime,0.45,36.555645816409424,56.53939886271324,60.84484159220146
CosPlace,amstertime,0.46,36.47441104792851,56.62063363119415,60.84484159220146
CosPlace,amstertime,0.47,36.636880584890335,56.62063363119415,60.84484159220146
CosPlace,amstertime,0.48,36.96181965881397,56.53939886271324,60.84484159220146
CosPlace,amstertime,0.49,36.79935012185215,56.53939886271324,60.84484159220146
CosPlace,amstertime,0.5,36.718115353371246,56.53939886271324,60.84484159220146
CosPlace,amstertime,0.51,36.636880584890335,56.295694557270515,60.84484159220146
CosPlace,amstertime,0.52,36.88058489033306,55.97075548334687,60.84484159220146
CosPlace,amstertime,0.53,37.043054427294884,56.051990251827775,60.84484159220146
CosPlace,amstertime,0.54,37.205523964256706,55.88952071486596,60.84484159220146
CosPlace,amstertime,0.55,37.124289195775795,55.88952071486596,60.84484159220146
CosPlace,amstertime,0.56,37.28675873273761,55.88952071486596,60.84484159220146
CosPlace,amstertime,0.57,37.36799350121852,55.727051177904144,60.84484159220146
CosPlace,amstertime,0.58,37.28675873273761,55.56458164094232,60.84484159220146
CosPlace,amstertime,0.59,37.36799350121852,55.727051177904144,60.84484159220146
CosPlace,amstertime,0.6,37.205523964256706,55.727051177904144,60.84484159220146
CosPlace,amstertime,0.61,37.124289195775795,55.64581640942323,60.84484159220146
CosPlace,amstertime,0.62,37.205523964256706,55.64581640942323,60.84484159220146
CosPlace,amstertime,0.63,37.124289195775795,55.64581640942323,60.84484159220146
CosPlace,amstertime,0.64,37.043054427294884,55.727051177904144,60.84484159220146
CosPlace,amstertime,0.65,36.79935012185215,55.727051177904144,60.84484159220146
CosPlace,amstertime,0.66,36.555645816409424,55.64581640942323,60.84484159220146
CosPlace,amstertime,0.67,36.230706742485786,55.56458164094232,60.84484159220146
CosPlace,amstertime,0.68,36.3119415109667,55.727051177904144,60.84484159220146
CosPlace,amstertime,0.69,36.230706742485786,55.64581640942323,60.84484159220146
CosPlace,amstertime,0.7,36.068237205523964,55.64581640942323,60.84484159220146
CosPlace,amstertime,0.71,36.068237205523964,55.64581640942323,60.84484159220146
CosPlace,amstertime,0.72,36.149471974004875,55.40211210398051,60.84484159220146
CosPlace,amstertime,0.73,35.90576766856214,55.239642567018684,60.84484159220146
CosPlace,amstertime,0.74,35.90576766856214,55.239642567018684,60.84484159220146
CosPlace,amstertime,0.75,35.90576766856214,55.239642567018684,60.84484159220146
CosPlace,amstertime,0.76,35.743298131600326,55.07717303005687,60.84484159220146
CosPlace,amstertime,0.77,35.743298131600326,54.91470349309504,60.84484159220146
CosPlace,amstertime,0.78,35.743298131600326,54.99593826157595,60.84484159220146
CosPlace,amstertime,0.79,35.662063363119415,55.07717303005687,60.84484159220146
CosPlace,amstertime,0.8,35.662063363119415,54.83346872461413,60.84484159220146
CosPlace,amstertime,0.81,35.743298131600326,54.83346872461413,60.84484159220146
CosPlace,amstertime,0.82,35.662063363119415,54.83346872461413,60.84484159220146
CosPlace,amstertime,0.83,35.580828594638504,54.67099918765231,60.84484159220146
CosPlace,amstertime,0.84,35.33712428919578,54.5897644191714,60.84484159220146
CosPlace,amstertime,0.85,35.25588952071487,54.5897644191714,60.84484159220146
CosPlace,amstertime,0.86,35.093419983753044,54.5897644191714,60.84484159220146
CosPlace,amstertime,0.87,35.093419983753044,54.42729488220959,60.84484159220146
CosPlace,amstertime,0.88,35.093419983753044,54.10235580828595,60.84484159220146
CosPlace,amstertime,0.89,35.093419983753044,54.10235580828595,60.84484159220146
CosPlace,amstertime,0.9,35.01218521527213,54.18359057676686,60.84484159220146
CosPlace,amstertime,0.91,34.84971567831032,53.858651502843216,60.84484159220146
CosPlace,amstertime,0.92,34.60601137286759,53.777416734362305,60.84484159220146
CosPlace,amstertime,0.93,34.687246141348496,53.61494719740049,60.84484159220146
CosPlace,amstertime,0.94,34.60601137286759,53.45247766043867,60.84484159220146
CosPlace,amstertime,0.95,34.60601137286759,53.20877335499594,60.84484159220146
CosPlace,amstertime,0.96,34.60601137286759,53.20877335499594,60.84484159220146
CosPlace,amstertime,0.97,34.36230706742486,53.12753858651503,60.84484159220146
CosPlace,amstertime,0.98,34.03736799350121,53.12753858651503,60.84484159220146
CosPlace,amstertime,0.99,33.79366368805849,53.12753858651503,60.84484159220146
CosPlace,amstertime,1.0,33.63119415109667,53.12753858651503,60.84484159220146
CosPlace,msls,0.0,67.76061776061776,84.16988416988417,86.2934362934363
CosPlace,msls,0.01,68.14671814671814,84.16988416988417,86.2934362934363
CosPlace,msls,0.02,68.33976833976834,84.36293436293437,86.2934362934363
CosPlace,msls,0.03,68.72586872586872,84.36293436293437,86.2934362934363
CosPlace,msls,0.04,69.1119691119691,84.36293436293437,86.2934362934363
CosPlace,msls,0.05,70.07722007722008,84.55598455598455,86.2934362934363
CosPlace,msls,0.06,70.46332046332047,84.55598455598455,86.2934362934363
CosPlace,msls,0.07,71.04247104247105,84.55598455598455,86.2934362934363
CosPlace,msls,0.08,71.62162162162163,84.55598455598455,86.2934362934363
CosPlace,msls,0.09,72.00772200772201,84.74903474903475,86.2934362934363
CosPlace,msls,0.1,72.00772200772201,84.74903474903475,86.2934362934363
CosPlace,msls,0.11,72.58687258687259,84.94208494208493,86.2934362934363
CosPlace,msls,0.12,72.97297297297297,84.94208494208493,86.2934362934363
CosPlace,msls,0.13,73.16602316602317,84.94208494208493,86.2934362934363
CosPlace,msls,0.14,73.16602316602317,84.94208494208493,86.2934362934363
CosPlace,msls,0.15,73.16602316602317,84.94208494208493,86.2934362934363
CosPlace,msls,0.16,73.35907335907336,84.94208494208493,86.2934362934363
CosPlace,msls,0.17,73.74517374517374,84.74903474903475,86.2934362934363
CosPlace,msls,0.18,73.93822393822393,84.74903474903475,86.2934362934363
CosPlace,msls,0.19,73.93822393822393,84.74903474903475,86.2934362934363
CosPlace,msls,0.2,74.13127413127413,84.74903474903475,86.2934362934363
CosPlace,msls,0.21,74.32432432432432,84.94208494208493,86.2934362934363
CosPlace,msls,0.22,74.7104247104247,85.13513513513513,86.2934362934363
CosPlace,msls,0.23,74.9034749034749,85.13513513513513,86.2934362934363
CosPlace,msls,0.24,75.86872586872587,85.13513513513513,86.2934362934363
CosPlace,msls,0.25,76.25482625482626,85.13513513513513,86.2934362934363
CosPlace,msls,0.26,76.25482625482626,85.13513513513513,86.2934362934363
CosPlace,msls,0.27,77.02702702702703,85.13513513513513,86.2934362934363
CosPlace,msls,0.28,77.22007722007721,85.13513513513513,86.2934362934363
CosPlace,msls,0.29,77.41312741312741,85.13513513513513,86.2934362934363
CosPlace,msls,0.3,77.41312741312741,85.13513513513513,86.2934362934363
CosPlace,msls,0.31,77.41312741312741,85.13513513513513,86.2934362934363
CosPlace,msls,0.32,77.22007722007721,85.13513513513513,86.2934362934363
CosPlace,msls,0.33,77.22007722007721,85.13513513513513,86.2934362934363
CosPlace,msls,0.34,77.7992277992278,85.13513513513513,86.2934362934363
CosPlace,msls,0.35,77.7992277992278,85.32818532818533,86.2934362934363
CosPlace,msls,0.36,77.7992277992278,85.32818532818533,86.2934362934363
CosPlace,msls,0.37,77.7992277992278,85.52123552123551,86.2934362934363
CosPlace,msls,0.38,77.99227799227799,85.52123552123551,86.2934362934363
CosPlace,msls,0.39,78.18532818532819,85.52123552123551,86.2934362934363
CosPlace,msls,0.4,78.57142857142857,85.52123552123551,86.2934362934363
CosPlace,msls,0.41,78.76447876447877,85.52123552123551,86.2934362934363
CosPlace,msls,0.42,78.76447876447877,85.52123552123551,86.2934362934363
CosPlace,msls,0.43,78.76447876447877,85.52123552123551,86.2934362934363
CosPlace,msls,0.44,78.95752895752895,85.52123552123551,86.2934362934363
CosPlace,msls,0.45,79.15057915057915,85.52123552123551,86.2934362934363
CosPlace,msls,0.46,79.34362934362935,85.52123552123551,86.2934362934363
CosPlace,msls,0.47,79.34362934362935,85.52123552123551,86.2934362934363
CosPlace,msls,0.48,79.34362934362935,85.52123552123551,86.2934362934363
CosPlace,msls,0.49,79.34362934362935,85.52123552123551,86.2934362934363
CosPlace,msls,0.5,79.72972972972973,85.52123552123551,86.2934362934363
CosPlace,msls,0.51,79.53667953667953,85.52123552123551,86.2934362934363
CosPlace,msls,0.52,79.53667953667953,85.32818532818533,86.2934362934363
CosPlace,msls,0.53,79.72972972972973,85.32818532818533,86.2934362934363
CosPlace,msls,0.54,79.92277992277992,85.32818532818533,86.2934362934363
CosPlace,msls,0.55,79.92277992277992,85.32818532818533,86.2934362934363
CosPlace,msls,0.56,79.92277992277992,85.32818532818533,86.2934362934363
CosPlace,msls,0.57,80.11583011583011,85.32818532818533,86.2934362934363
CosPlace,msls,0.58,79.92277992277992,85.32818532818533,86.2934362934363
CosPlace,msls,0.59,79.92277992277992,85.32818532818533,86.2934362934363
CosPlace,msls,0.6,80.11583011583011,85.13513513513513,86.2934362934363
CosPlace,msls,0.61,80.11583011583011,85.13513513513513,86.2934362934363
CosPlace,msls,0.62,80.11583011583011,85.13513513513513,86.2934362934363
CosPlace,msls,0.63,80.3088803088803,85.13513513513513,86.2934362934363
CosPlace,msls,0.64,80.6949806949807,85.13513513513513,86.2934362934363
CosPlace,msls,0.65,80.5019305019305,85.13513513513513,86.2934362934363
CosPlace,msls,0.66,80.3088803088803,85.13513513513513,86.2934362934363
CosPlace,msls,0.67,80.3088803088803,85.13513513513513,86.2934362934363
CosPlace,msls,0.68,80.3088803088803,85.13513513513513,86.2934362934363
CosPlace,msls,0.69,80.3088803088803,85.13513513513513,86.2934362934363
CosPlace,msls,0.7,80.5019305019305,85.13513513513513,86.2934362934363
CosPlace,msls,0.71,80.5019305019305,85.13513513513513,86.2934362934363
CosPlace,msls,0.72,80.5019305019305,85.13513513513513,86.2934362934363
CosPlace,msls,0.73,80.11583011583011,85.13513513513513,86.2934362934363
CosPlace,msls,0.74,80.11583011583011,85.13513513513513,86.2934362934363
CosPlace,msls,0.75,80.3088803088803,85.13513513513513,86.2934362934363
CosPlace,msls,0.76,80.3088803088803,85.13513513513513,86.2934362934363
CosPlace,msls,0.77,80.3088803088803,85.13513513513513,86.2934362934363
CosPlace,msls,0.78,80.11583011583011,85.13513513513513,86.2934362934363
CosPlace,msls,0.79,79.92277992277992,85.13513513513513,86.2934362934363
CosPlace,msls,0.8,79.92277992277992,85.13513513513513,86.2934362934363
CosPlace,msls,0.81,79.92277992277992,85.13513513513513,86.2934362934363
CosPlace,msls,0.82,80.11583011583011,85.13513513513513,86.2934362934363
CosPlace,msls,0.83,79.92277992277992,85.13513513513513,86.2934362934363
CosPlace,msls,0.84,79.92277992277992,85.13513513513513,86.2934362934363
CosPlace,msls,0.85,79.92277992277992,85.13513513513513,86.2934362934363
CosPlace,msls,0.86,79.92277992277992,85.13513513513513,86.2934362934363
CosPlace,msls,0.87,79.92277992277992,85.13513513513513,86.2934362934363
CosPlace,msls,0.88,79.92277992277992,85.13513513513513,86.2934362934363
CosPlace,msls,0.89,79.92277992277992,85.13513513513513,86.2934362934363
CosPlace,msls,0.9,79.92277992277992,85.13513513513513,86.2934362934363
CosPlace,msls,0.91,79.92277992277992,85.13513513513513,86.2934362934363
CosPlace,msls,0.92,79.92277992277992,85.13513513513513,86.2934362934363
CosPlace,msls,0.93,79.53667953667953,85.13513513513513,86.2934362934363
CosPlace,msls,0.94,79.53667953667953,84.94208494208493,86.2934362934363
CosPlace,msls,0.95,79.34362934362935,84.94208494208493,86.2934362934363
CosPlace,msls,0.96,79.34362934362935,84.94208494208493,86.2934362934363
CosPlace,msls,0.97,79.53667953667953,84.94208494208493,86.2934362934363
CosPlace,msls,0.98,79.53667953667953,84.94208494208493,86.2934362934363
CosPlace,msls,0.99,79.53667953667953,84.94208494208493,86.2934362934363
CosPlace,msls,1.0,79.34362934362935,84.94208494208493,86.2934362934363
CosPlace,nordland,0.0,41.0,78.5,89.5
CosPlace,nordland,0.01,40.25,79.0,89.5
CosPlace,nordland,0.02,40.0,79.25,89.5
CosPlace,nordland,0.03,40.0,79.25,89.5
CosPlace,nordland,0.04,39.75,79.25,89.5
CosPlace,nordland,0.05,40.5,79.25,89.5
CosPlace,nordland,0.06,40.25,79.25,89.5
CosPlace,nordland,0.07,40.25,79.5,89.5
CosPlace,nordland,0.08,40.25,80.0,89.5
CosPlace,nordland,0.09,40.5,79.5,89.5
CosPlace,nordland,0.1,40.5,79.5,89.5
CosPlace,nordland,0.11,40.5,79.5,89.5
CosPlace,nordland,0.12,40.75,79.5,89.5
CosPlace,nordland,0.13,41.0,79.5,89.5
CosPlace,nordland,0.14,41.5,79.5,89.5
CosPlace,nordland,0.15,41.75,79.5,89.5
CosPlace,nordland,0.16,42.5,79.75,89.5
CosPlace,nordland,0.17,42.5,79.5,89.5
CosPlace,nordland,0.18,43.0,79.25,89.5
CosPlace,nordland,0.19,44.0,79.25,89.5
CosPlace,nordland,0.2,44.25,79.25,89.5
CosPlace,nordland,0.21,44.25,79.25,89.5
CosPlace,nordland,0.22,44.25,79.25,89.5
CosPlace,nordland,0.23,44.5,79.25,89.5
CosPlace,nordland,0.24,44.75,79.25,89.5
CosPlace,nordland,0.25,45.25,79.25,89.5
CosPlace,nordland,0.26,45.5,79.75,89.5
CosPlace,nordland,0.27,46.75,79.75,89.5
CosPlace,nordland,0.28,47.0,79.75,89.5
CosPlace,nordland,0.29,47.0,79.75,89.5
CosPlace,nordland,0.3,47.75,79.75,89.5
CosPlace,nordland,0.31,48.25,79.75,89.5
CosPlace,nordland,0.32,48.75,79.75,89.5
CosPlace,nordland,0.33,48.5,79.75,89.5
CosPlace,nordland,0.34,48.5,79.75,89.5
CosPlace,nordland,0.35,48.25,79.5,89.5
CosPlace,nordland,0.36,48.5,79.75,89.5
CosPlace,nordland,0.37,48.5,80.0,89.5
CosPlace,nordland,0.38,49.0,80.0,89.5
CosPlace,nordland,0.39,49.75,80.25,89.5
CosPlace,nordland,0.4,49.25,80.5,89.5
CosPlace,nordland,0.41,50.0,80.5,89.5
CosPlace,nordland,0.42,50.24999999999999,80.5,89.5
CosPlace,nordland,0.43,50.74999999999999,80.5,89.5
CosPlace,nordland,0.44,50.5,80.5,89.5
CosPlace,nordland,0.45,50.74999999999999,80.75,89.5
CosPlace,nordland,0.46,51.24999999999999,80.5,89.5
CosPlace,nordland,0.47,51.24999999999999,80.5,89.5
CosPlace,nordland,0.48,51.74999999999999,80.5,89.5
CosPlace,nordland,0.49,52.0,80.75,89.5
CosPlace,nordland,0.5,51.74999999999999,81.0,89.5
CosPlace,nordland,0.51,51.74999999999999,81.0,89.5
CosPlace,nordland,0.52,51.74999999999999,81.0,89.5
CosPlace,nordland,0.53,52.0,81.0,89.5
CosPlace,nordland,0.54,52.0,81.5,89.5
CosPlace,nordland,0.55,52.25,81.5,89.5
CosPlace,nordland,0.56,52.25,81.25,89.5
CosPlace,nordland,0.57,52.75,82.25,89.5
CosPlace,nordland,0.58,53.0,82.25,89.5
CosPlace,nordland,0.59,53.0,82.0,89.5
CosPlace,nordland,0.6,54.0,82.5,89.5
CosPlace,nordland,0.61,54.0,82.5,89.5
CosPlace,nordland,0.62,54.0,82.25,89.5
CosPlace,nordland,0.63,54.0,82.0,89.5
CosPlace,nordland,0.64,53.75,82.0,89.5
CosPlace,nordland,0.65,54.25,82.0,89.5
CosPlace,nordland,0.66,54.75,82.0,89.5
CosPlace,nordland,0.67,55.00000000000001,82.25,89.5
CosPlace,nordland,0.68,54.75,82.0,89.5
CosPlace,nordland,0.69,54.75,82.0,89.5
CosPlace,nordland,0.7,54.75,82.0,89.5
CosPlace,nordland,0.71,55.00000000000001,82.0,89.5
CosPlace,nordland,0.72,54.75,82.0,89.5
CosPlace,nordland,0.73,55.25,82.5,89.5
CosPlace,nordland,0.74,55.75,82.5,89.5
CosPlace,nordland,0.75,56.00000000000001,82.5,89.5
CosPlace,nordland,0.76,56.00000000000001,82.25,89.5
CosPlace,nordland,0.77,55.75,82.0,89.5
CosPlace,nordland,0.78,55.75,82.0,89.5
CosPlace,nordland,0.79,56.00000000000001,82.0,89.5
CosPlace,nordland,0.8,56.25,82.0,89.5
CosPlace,nordland,0.81,56.00000000000001,82.25,89.5
CosPlace,nordland,0.82,56.00000000000001,82.0,89.5
CosPlace,nordland,0.83,56.00000000000001,82.0,89.5
CosPlace,nordland,0.84,56.25,82.0,89.5
CosPlace,nordland,0.85,56.25,82.0,89.5
CosPlace,nordland,0.86,56.00000000000001,81.75,89.5
CosPlace,nordland,0.87,56.25,82.0,89.5
CosPlace,nordland,0.88,56.49999999999999,82.0,89.5
CosPlace,nordland,0.89,56.49999999999999,81.75,89.5
CosPlace,nordland,0.9,56.49999999999999,82.0,89.5
CosPlace,nordland,0.91,56.25,82.0,89.5
CosPlace,nordland,0.92,56.49999999999999,81.75,89.5
CosPlace,nordland,0.93,56.00000000000001,81.75,89.5
CosPlace,nordland,0.94,56.00000000000001,81.75,89.5
CosPlace,nordland,0.95,56.25,81.75,89.5
CosPlace,nordland,0.96,56.25,81.75,89.5
CosPlace,nordland,0.97,56.25,81.75,89.5
CosPlace,nordland,0.98,56.75,81.75,89.5
CosPlace,nordland,0.99,56.75,81.75,89.5
CosPlace,nordland,1.0,56.75,81.5,89.5
